{
  "1": {
    "cx": 36.481143951416016,
    "cy": 50.00539016723633
  },
  "2": {
    "cx": 26.78823471069336,
    "cy": 50.005653381347656
  },
  "3": {
    "cx": 50.00125503540039,
    "cy": 46.125
  },
  "4": {
    "cx": 35.82500076293945,
    "cy": 50.010555267333984
  },
  "5": {
    "cx": 13.9042329788208,
    "cy": 50.004940032958984
  },
  "6": {
    "cx": 24.755327224731445,
    "cy": 50.00833511352539
  },
  "7": {
    "cx": 50,
    "cy": 45.530555725097656
  },
  "8": {
    "cx": 50,
    "cy": 10.75
  },
  "9": {
    "cx": 50.01499938964844,
    "cy": 7.40000057220459
  },
  "10": {
    "cx": 50,
    "cy": 6.748780727386475
  },
  "11": {
    "cx": 50,
    "cy": 6.637500762939453
  },
  "12": {
    "cx": 50.007694244384766,
    "cy": 12.02500057220459
  },
  "13": {
    "cx": 15.5,
    "cy": 15.5
  },
  "14": {
    "cx": 41,
    "cy": 18.925003051757812
  },
  "15": {
    "cx": 30.350000381469727,
    "cy": 50
  },
  "16": {
    "cx": 34.72265625,
    "cy": 50.008888244628906
  },
  "17": {
    "cx": 31.600000381469727,
    "cy": 49.97500228881836
  },
  "18": {
    "cx": 25.980741500854492,
    "cy": 50
  },
  "19": {
    "cx": 49.97287368774414,
    "cy": 49.977298736572266
  },
  "20": {
    "cx": 27.524999618530273,
    "cy": 50
  },
  "21": {
    "cx": 50,
    "cy": 50
  },
  "22": {
    "cx": 79.5,
    "cy": 22.024999618530273
  },
  "23": {
    "cx": 9.512309074401855,
    "cy": 17.8294620513916
  },
  "24": {
    "cx": 8.018181800842285,
    "cy": 8.733000755310059
  },
  "25": {
    "cx": 20.86158561706543,
    "cy": 20.950000762939453
  },
  "26": {
    "cx": 24.45130729675293,
    "cy": 12.777527809143066
  },
  "27": {
    "cx": 42.55615234375,
    "cy": 31.300546646118164
  },
  "28": {
    "cx": 21.655969619750977,
    "cy": 1.9194444417953491
  },
  "29": {
    "cx": 18.699085235595703,
    "cy": 15.212398529052734
  },
  "30": {
    "cx": 16.200000762939453,
    "cy": 16.30062484741211
  },
  "31": {
    "cx": 16.326276779174805,
    "cy": 16.316007614135742
  },
  "32": {
    "cx": 16.9234676361084,
    "cy": 17.075002670288086
  },
  "33": {
    "cx": 22.922372817993164,
    "cy": 8
  },
  "34": {
    "cx": 20.7340030670166,
    "cy": 6.932180404663086
  },
  "35": {
    "cx": 8.034090995788574,
    "cy": 5.300000190734863
  },
  "36": {
    "cx": 13.538520812988281,
    "cy": 13.5
  },
  "37": {
    "cx": 18.658546447753906,
    "cy": 14.975049018859863
  },
  "38": {
    "cx": 14.272582054138184,
    "cy": 7.462500095367432
  },
  "39": {
    "cx": 6.455530166625977,
    "cy": 2.772212505340576
  },
  "40": {
    "cx": 15.939465522766113,
    "cy": 10.341686248779297
  },
  "41": {
    "cx": 57.38846206665039,
    "cy": 11.299650192260742
  },
  "42": {
    "cx": 27.556249618530273,
    "cy": 21.200315475463867
  },
  "43": {
    "cx": 18.752439498901367,
    "cy": 50.00762176513672
  },
  "44": {
    "cx": 49.995548248291016,
    "cy": 6.199999809265137
  },
  "45": {
    "cx": 34.55402755737305,
    "cy": 50
  },
  "46": {
    "cx": 15.678191184997559,
    "cy": 50.02536392211914
  },
  "47": {
    "cx": 14.037214279174805,
    "cy": 49.996315002441406
  },
  "48": {
    "cx": 14.491633415222168,
    "cy": 50
  },
  "49": {
    "cx": 50.00081253051758,
    "cy": 37.400001525878906
  },
  "50": {
    "cx": 16.465099334716797,
    "cy": 49.998558044433594
  },
  "51": {
    "cx": 23.150001525878906,
    "cy": 50.00433349609375
  },
  "52": {
    "cx": 16.609615325927734,
    "cy": 49.692569732666016
  },
  "53": {
    "cx": 50.15773010253906,
    "cy": 49.981719970703125
  },
  "54": {
    "cx": 48.94456481933594,
    "cy": 49.9984245300293
  },
  "55": {
    "cx": 49.97225570678711,
    "cy": 44.4172248840332
  },
  "56": {
    "cx": 49.99557113647461,
    "cy": 43.24903869628906
  },
  "57": {
    "cx": 50.02610397338867,
    "cy": 41.97500228881836
  },
  "58": {
    "cx": 50.00288391113281,
    "cy": 49.457149505615234
  },
  "59": {
    "cx": 49.99009323120117,
    "cy": 44.0625
  },
  "60": {
    "cx": 37.01250076293945,
    "cy": 49.875
  },
  "61": {
    "cx": 49.990726470947266,
    "cy": 48.0847053527832
  },
  "62": {
    "cx": 50.003570556640625,
    "cy": 47.375
  },
  "63": {
    "cx": 41.57500076293945,
    "cy": 50.00297164916992
  },
  "64": {
    "cx": 34.286109924316406,
    "cy": 50.009029388427734
  },
  "65": {
    "cx": 46.786766052246094,
    "cy": 49.85000228881836
  },
  "66": {
    "cx": 49.980045318603516,
    "cy": 37.067020416259766
  },
  "67": {
    "cx": 49.40500259399414,
    "cy": 49.99633026123047
  },
  "68": {
    "cx": 49.994049072265625,
    "cy": 28.375
  },
  "69": {
    "cx": 50,
    "cy": 22.475000381469727
  },
  "70": {
    "cx": 50,
    "cy": 48.70000076293945
  },
  "71": {
    "cx": 47.625,
    "cy": 45.25
  },
  "72": {
    "cx": 20,
    "cy": 50
  },
  "73": {
    "cx": 15,
    "cy": 50
  },
  "74": {
    "cx": 15,
    "cy": 50
  },
  "75": {
    "cx": 10,
    "cy": 50
  },
  "76": {
    "cx": 35,
    "cy": 50
  },
  "77": {
    "cx": 50,
    "cy": 50
  },
  "78": {
    "cx": 50,
    "cy": 30
  },
  "79": {
    "cx": 47,
    "cy": 47
  },
  "80": {
    "cx": 50,
    "cy": 50
  },
  "81": {
    "cx": 30,
    "cy": 50
  },
  "82": {
    "cx": 42.625003814697266,
    "cy": 50
  },
  "83": {
    "cx": 50.00002670288086,
    "cy": 32.92500305175781
  },
  "84": {
    "cx": 50.00004577636719,
    "cy": 39.67692565917969
  },
  "85": {
    "cx": 17.5,
    "cy": 17.5
  },
  "86": {
    "cx": 49.82500076293945,
    "cy": 47.375
  },
  "87": {
    "cx": 50,
    "cy": 50
  },
  "88": {
    "cx": 50,
    "cy": 50
  },
  "89": {
    "cx": 50,
    "cy": 40.150001525878906
  },
  "90": {
    "cx": 49.985958099365234,
    "cy": 48.142093658447266
  },
  "91": {
    "cx": 36.72500228881836,
    "cy": 50
  },
  "92": {
    "cx": 11.550000190734863,
    "cy": 50
  },
  "93": {
    "cx": 23.149999618530273,
    "cy": 50.02500534057617
  },
  "94": {
    "cx": 14.699999809265137,
    "cy": 50
  },
  "95": {
    "cx": 50,
    "cy": 50
  },
  "96": {
    "cx": 50,
    "cy": 50
  },
  "97": {
    "cx": 50,
    "cy": 47.04999923706055
  },
  "98": {
    "cx": 50.00229263305664,
    "cy": 47.82350158691406
  },
  "99": {
    "cx": 39.99123001098633,
    "cy": 50
  },
  "100": {
    "cx": 36.45256042480469,
    "cy": 50
  },
  "101": {
    "cx": 50,
    "cy": 50
  },
  "102": {
    "cx": 49.95000457763672,
    "cy": 50
  },
  "103": {
    "cx": 44.47500228881836,
    "cy": 50
  },
  "104": {
    "cx": 50,
    "cy": 50
  },
  "105": {
    "cx": 24.631818771362305,
    "cy": 49.97711944580078
  },
  "106": {
    "cx": 34.26009750366211,
    "cy": 50.01400375366211
  },
  "107": {
    "cx": 21.25623893737793,
    "cy": 50.00521469116211
  },
  "108": {
    "cx": 38.79970932006836,
    "cy": 50.01051712036133
  },
  "109": {
    "cx": 49.97602081298828,
    "cy": 33.98637771606445
  },
  "110": {
    "cx": 50.0033073425293,
    "cy": 49.71826171875
  },
  "111": {
    "cx": 49.99232864379883,
    "cy": 48.64399337768555
  },
  "112": {
    "cx": 48.307376861572266,
    "cy": 50.00136184692383
  },
  "113": {
    "cx": 50.01716232299805,
    "cy": 37.617191314697266
  },
  "114": {
    "cx": 34.17573547363281,
    "cy": 50
  }
}